{"country":{"0":"Australia","1":"Austria","2":"Belg\/Lux","3":"Canada","4":"Denmark","5":"Finland","6":"France","7":"Iceland","8":"Ireland","9":"Israel","10":"Italy","11":"Japan","12":"Netherlands","13":"New Zealand","14":"Norway","15":"Spain","16":"Sweden","17":"Switzerland","18":"UK","19":"US","20":"West Germany"},"alcohol":{"0":2.5,"1":3.9000000954,"2":2.9000000954,"3":2.4000000954,"4":2.9000000954,"5":0.8000000119,"6":9.1000003815,"7":0.8000000119,"8":0.6999999881,"9":0.6000000238,"10":7.9000000954,"11":1.5,"12":1.7999999523,"13":1.8999999762,"14":0.8000000119,"15":6.5,"16":1.6000000238,"17":5.8000001907,"18":1.2999999523,"19":1.2000000477,"20":2.7000000477},"deaths":{"0":785,"1":863,"2":883,"3":793,"4":971,"5":970,"6":751,"7":743,"8":1000,"9":834,"10":775,"11":680,"12":773,"13":916,"14":806,"15":724,"16":743,"17":693,"18":941,"19":926,"20":861},"heart":{"0":211,"1":167,"2":131,"3":191,"4":220,"5":297,"6":71,"7":211,"8":300,"9":183,"10":107,"11":36,"12":167,"13":266,"14":227,"15":86,"16":207,"17":115,"18":285,"19":199,"20":172},"liver":{"0":15.3000001907,"1":45.5999984741,"2":20.7000007629,"3":16.3999996185,"4":23.8999996185,"5":19.0,"6":37.9000015259,"7":11.1999998093,"8":6.5,"9":13.6999998093,"10":42.2000007629,"11":23.2000007629,"12":9.1999998093,"13":7.6999998093,"14":12.1999998093,"15":36.4000015259,"16":11.1999998093,"17":20.2999992371,"18":10.3000001907,"19":22.1000003815,"20":36.7000007629}}